name,number,date,pxx
Bahrain,1,2023-03-05,4
Saudi Arabia,2,2023-03-19,17
Melbourne,3,2023-04-02,5
Baku,4,2023-04-30,6
Miami,5,2023-05-07,15
Imola,6,2023-05-21,8
Monaco,7,2023-05-28,9
Barcelona,8,2023-06-04,13
Montreal,9,2023-06-18,11
Spielberg,10,2023-07-02,12
Silverstone,11,2023-07-09,17
Budapest,12,2023-07-23,12
Spa,13,2023-07-30,13
Zandvoort,14,2023-08-27,4
Monza,15,2023-09-03,6
Singapore,16,2023-09-17,10
Suzuka,17,2023-09-24,11
Qatar,18,2023-10-08,4
Austin,19,2023-10-22,11
Mexico,20,2023-10-29,17
Brazil,21,2023-11-05,14
Las Vegas,22,2023-11-18,8
Abu Dhabi,23,2023-11-26,5